<?xml version='1.0' encoding='utf-8' standalone='yes' ?>
<thermal-brightness-config>
    <thermal-condition-item>
        <identifier>0</identifier>
        <description>Default</description>
        <temperature-brightness-pair>
            <min-inclusive>37</min-inclusive>
            <max-exclusive>39</max-exclusive>
            <nit>700</nit>
        </temperature-brightness-pair>
        <temperature-brightness-pair>
            <min-inclusive>39</min-inclusive>
            <max-exclusive>41</max-exclusive>
            <nit>500</nit>
        </temperature-brightness-pair>
        <temperature-brightness-pair>
            <min-inclusive>41</min-inclusive>
            <max-exclusive>43</max-exclusive>
            <nit>400</nit>
        </temperature-brightness-pair>
        <temperature-brightness-pair>
            <min-inclusive>43</min-inclusive>
            <max-exclusive>46</max-exclusive>
            <nit>250</nit>
        </temperature-brightness-pair>
        <temperature-brightness-pair>
            <min-inclusive>46</min-inclusive>
            <max-exclusive>100</max-exclusive>
            <nit>160</nit>
        </temperature-brightness-pair>
    </thermal-condition-item>
    <thermal-condition-item>
        <identifier>18</identifier>
        <description>TGAME</description>
        <temperature-brightness-pair>
            <min-inclusive>37</min-inclusive>
            <max-exclusive>39</max-exclusive>
            <nit>700</nit>
        </temperature-brightness-pair>
        <temperature-brightness-pair>
            <min-inclusive>39</min-inclusive>
            <max-exclusive>41</max-exclusive>
            <nit>500</nit>
        </temperature-brightness-pair>
        <temperature-brightness-pair>
            <min-inclusive>41</min-inclusive>
            <max-exclusive>43</max-exclusive>
            <nit>400</nit>
        </temperature-brightness-pair>
        <temperature-brightness-pair>
            <min-inclusive>43</min-inclusive>
            <max-exclusive>46</max-exclusive>
            <nit>300</nit>
        </temperature-brightness-pair>
        <temperature-brightness-pair>
            <min-inclusive>46</min-inclusive>
            <max-exclusive>100</max-exclusive>
            <nit>200</nit>
        </temperature-brightness-pair>
    </thermal-condition-item>
    <thermal-condition-item>
        <identifier>10</identifier>
        <description>NAVIGATION</description>
        <temperature-brightness-pair>
            <min-inclusive>37</min-inclusive>
            <max-exclusive>39</max-exclusive>
            <nit>700</nit>
        </temperature-brightness-pair>
        <temperature-brightness-pair>
            <min-inclusive>39</min-inclusive>
            <max-exclusive>41</max-exclusive>
            <nit>500</nit>
        </temperature-brightness-pair>
        <temperature-brightness-pair>
            <min-inclusive>41</min-inclusive>
            <max-exclusive>43</max-exclusive>
            <nit>400</nit>
        </temperature-brightness-pair>
        <temperature-brightness-pair>
            <min-inclusive>43</min-inclusive>
            <max-exclusive>46</max-exclusive>
            <nit>300</nit>
        </temperature-brightness-pair>
        <temperature-brightness-pair>
            <min-inclusive>46</min-inclusive>
            <max-exclusive>100</max-exclusive>
            <nit>200</nit>
        </temperature-brightness-pair>
    </thermal-condition-item>
    <thermal-condition-item>
        <identifier>-2</identifier>
        <description>DOLBY-VISION</description>
        <temperature-brightness-pair>
            <min-inclusive>40</min-inclusive>
            <max-exclusive>42</max-exclusive>
            <nit>700</nit>
        </temperature-brightness-pair>
        <temperature-brightness-pair>
            <min-inclusive>42</min-inclusive>
            <max-exclusive>44</max-exclusive>
            <nit>500</nit>
        </temperature-brightness-pair>
        <temperature-brightness-pair>
            <min-inclusive>44</min-inclusive>
            <max-exclusive>46</max-exclusive>
            <nit>400</nit>
        </temperature-brightness-pair>
        <temperature-brightness-pair>
            <min-inclusive>46</min-inclusive>
            <max-exclusive>49</max-exclusive>
            <nit>250</nit>
        </temperature-brightness-pair>
        <temperature-brightness-pair>
            <min-inclusive>49</min-inclusive>
            <max-exclusive>100</max-exclusive>
            <nit>160</nit>
        </temperature-brightness-pair>
    </thermal-condition-item>
    <thermal-condition-item>
        <identifier>700</identifier>
        <description>CGAME</description>
        <temperature-brightness-pair>
            <min-inclusive>15</min-inclusive>
            <max-exclusive>37</max-exclusive>
            <nit>500</nit>
        </temperature-brightness-pair>
        <temperature-brightness-pair>
            <min-inclusive>37</min-inclusive>
            <max-exclusive>43</max-exclusive>
            <nit>400</nit>
        </temperature-brightness-pair>
        <temperature-brightness-pair>
            <min-inclusive>43</min-inclusive>
            <max-exclusive>46</max-exclusive>
            <nit>250</nit>
        </temperature-brightness-pair>
        <temperature-brightness-pair>
            <min-inclusive>46</min-inclusive>
            <max-exclusive>100</max-exclusive>
            <nit>160</nit>
        </temperature-brightness-pair>
    </thermal-condition-item>
    <thermal-condition-item>
        <identifier>20</identifier>
        <description>YUANSHEN</description>
        <temperature-brightness-pair>
            <min-inclusive>37</min-inclusive>
            <max-exclusive>39</max-exclusive>
            <nit>700</nit>
        </temperature-brightness-pair>
        <temperature-brightness-pair>
            <min-inclusive>39</min-inclusive>
            <max-exclusive>41</max-exclusive>
            <nit>500</nit>
        </temperature-brightness-pair>
        <temperature-brightness-pair>
            <min-inclusive>41</min-inclusive>
            <max-exclusive>100</max-exclusive>
            <nit>420</nit>
        </temperature-brightness-pair>
    </thermal-condition-item>
    <thermal-condition-item>
        <identifier>25</identifier>
        <description>XINGTIE</description>
        <temperature-brightness-pair>
            <min-inclusive>37</min-inclusive>
            <max-exclusive>39</max-exclusive>
            <nit>700</nit>
        </temperature-brightness-pair>
        <temperature-brightness-pair>
            <min-inclusive>39</min-inclusive>
            <max-exclusive>41</max-exclusive>
            <nit>500</nit>
        </temperature-brightness-pair>
        <temperature-brightness-pair>
            <min-inclusive>41</min-inclusive>
            <max-exclusive>43</max-exclusive>
            <nit>400</nit>
        </temperature-brightness-pair>
        <temperature-brightness-pair>
            <min-inclusive>43</min-inclusive>
            <max-exclusive>46</max-exclusive>
            <nit>300</nit>
        </temperature-brightness-pair>
        <temperature-brightness-pair>
            <min-inclusive>46</min-inclusive>
            <max-exclusive>100</max-exclusive>
            <nit>200</nit>
        </temperature-brightness-pair>
    </thermal-condition-item>
</thermal-brightness-config>
